[{"id":"user-image-coffe-shop-with-wooden-walls-unfocused.jpg","publicUrl":"np://user.desktop.nicepage.com/Site_124118791/images/coffe-shop-with-wooden-walls-unfocused.jpg","size":31668,"hash":"s3yjjAVnuy9UXEd/IHSUZBaIQGk=","fileName":"coffe-shop-with-wooden-walls-unfocused.jpg","name":"coffe-shop-with-wooden-walls-unfocused","width":1500,"height":1000,"thumbnail":{"url":"np://user.desktop.nicepage.com/Site_124118791/images/thumbnails/coffe-shop-with-wooden-walls-unfocused.jpg","width":250,"height":167},"originalUrl":"//images01.nicepagecdn.com/a1389d7bc73adea1e1c1fb7e/66d42abf99e45b1b9fdc4fd4/coffe-shop-with-wooden-walls-unfocused.jpg","usages":["2617100166"]},{"id":"user-image-associates-table.jpg","publicUrl":"np://user.desktop.nicepage.com/Site_124118791/images/associates-table.jpg","size":76092,"hash":"vcmQhFu4ZiY1KgRtQq4xPYfGlJg=","fileName":"associates-table.jpg","name":"associates-table","width":1500,"height":1001,"thumbnail":{"url":"np://user.desktop.nicepage.com/Site_124118791/images/thumbnails/associates-table.jpg","width":250,"height":167},"originalUrl":"//images01.nicepagecdn.com/a1389d7bc73adea1e1c1fb7e/9182ef19d87c5eeab63292fe/associates-table.jpg","usages":["2617100166"]},{"id":"user-image-b5f9e7f9-f0cf-42fb-96c9-3156bc7d64a2.jpg","publicUrl":"np://user.desktop.nicepage.com/Site_124118791/images/b5f9e7f9-f0cf-42fb-96c9-3156bc7d64a2.jpg","size":84443,"hash":"9qCMKxe0eiyttBEaJv2kv/wmq34=","fileName":"b5f9e7f9-f0cf-42fb-96c9-3156bc7d64a2.jpg","name":"b5f9e7f9-f0cf-42fb-96c9-3156bc7d64a2","width":598,"height":598,"thumbnail":{"url":"np://user.desktop.nicepage.com/Site_124118791/images/thumbnails/b5f9e7f9-f0cf-42fb-96c9-3156bc7d64a2.jpg","width":250,"height":250},"originalUrl":"//images01.nicepagecdn.com/c461c07a441a5d220e8feb1a/39261fbbefa65d409eb3d909/b5f9e7f9-f0cf-42fb-96c9-3156bc7d64a2.jpg","usages":["2617100166"]},{"id":"user-image-black-logo-1.png","publicUrl":"np://user.desktop.nicepage.com/Site_124118791/images/black-logo-1.png","size":21465,"hash":"+S5C7QqyluuZsUjTGAMoqg2uGg0=","fileName":"black-logo-1.png","name":"black-logo-1","width":151,"height":158,"thumbnail":{"url":"np://user.desktop.nicepage.com/Site_124118791/images/thumbnails/black-logo-1.png","width":151,"height":158,"length":21465,"type":"png"},"originalUrl":"//images01.nicepagecdn.com/a1389d7bc73adea1e1c1fb7e/a32313390c475bec9fff6116/black-logo-1.png","usages":["2617100166"]},{"id":"user-image-13064dd8-b859-4a0d-8b5b-0944d529a9c2.jpg","publicUrl":"np://user.desktop.nicepage.com/Site_124118791/images/13064dd8-b859-4a0d-8b5b-0944d529a9c2.jpg","size":81098,"hash":"JFpFd+Tc6O8T+efST+txz+IVU+4=","fileName":"13064dd8-b859-4a0d-8b5b-0944d529a9c2.jpg","name":"13064dd8-b859-4a0d-8b5b-0944d529a9c2","width":598,"height":598,"thumbnail":{"url":"np://user.desktop.nicepage.com/Site_124118791/images/thumbnails/13064dd8-b859-4a0d-8b5b-0944d529a9c2.jpg","width":250,"height":250},"originalUrl":"//images01.nicepagecdn.com/c461c07a441a5d220e8feb1a/6ae86b907f44543284a736f4/13064dd8-b859-4a0d-8b5b-0944d529a9c2.jpg","usages":["2617100166"]},{"id":"user-image-black-logo-2_150.png","publicUrl":"np://user.desktop.nicepage.com/Site_124118791/images/black-logo-2_150.png","size":20486,"hash":"dJqfsQlJ6VDplVS0OXboYWx1ZXA=","fileName":"black-logo-2_150.png","name":"black-logo-2_150","width":108,"height":140,"thumbnail":{"url":"np://user.desktop.nicepage.com/Site_124118791/images/thumbnails/black-logo-2_150.png","width":108,"height":140,"length":20486,"type":"png"},"originalUrl":"//images01.nicepagecdn.com/thumbs/a1389d7bc73adea1e1c1fb7e/e8ce7cced71d5c7aa4d002e1/black-logo-2_150.png","usages":["2617100166"]},{"id":"user-image-black-logo-3.png","publicUrl":"np://user.desktop.nicepage.com/Site_124118791/images/black-logo-3.png","size":22472,"hash":"wyHzhKO9xjzm2k1z7P/3KSTt6lM=","fileName":"black-logo-3.png","name":"black-logo-3","width":168,"height":156,"thumbnail":{"url":"np://user.desktop.nicepage.com/Site_124118791/images/thumbnails/black-logo-3.png","width":168,"height":156,"length":22472,"type":"png"},"originalUrl":"//images01.nicepagecdn.com/a1389d7bc73adea1e1c1fb7e/8aba9edd10b65867bb8c1fd0/black-logo-3.png","usages":["2617100166"]},{"id":"user-image-black-logo-4.png","publicUrl":"np://user.desktop.nicepage.com/Site_124118791/images/black-logo-4.png","size":22120,"hash":"Z3OnsSlIW/Xwl97auEhQtmCu4bg=","fileName":"black-logo-4.png","name":"black-logo-4","width":134,"height":154,"thumbnail":{"url":"np://user.desktop.nicepage.com/Site_124118791/images/thumbnails/black-logo-4.png","width":134,"height":154,"length":22120,"type":"png"},"originalUrl":"//images01.nicepagecdn.com/a1389d7bc73adea1e1c1fb7e/da20b91fac9e573f9e813582/black-logo-4.png","usages":["2617100166"]},{"id":"user-image-black-logo-5.png","publicUrl":"np://user.desktop.nicepage.com/Site_124118791/images/black-logo-5.png","size":20120,"hash":"o2NeaRyFgV4iBbdCbXQCMbQDdDs=","fileName":"black-logo-5.png","name":"black-logo-5","width":142,"height":155,"thumbnail":{"url":"np://user.desktop.nicepage.com/Site_124118791/images/thumbnails/black-logo-5.png","width":142,"height":155,"length":20120,"type":"png"},"originalUrl":"//images01.nicepagecdn.com/a1389d7bc73adea1e1c1fb7e/f4c2ec35cca95ad2b1db886b/black-logo-5.png","usages":["2617100166"]},{"id":"user-image-black-logo-6.png","publicUrl":"np://user.desktop.nicepage.com/Site_124118791/images/black-logo-6.png","size":20790,"hash":"GnhB5ZJ41PM/e2Nor1+wmL5QC50=","fileName":"black-logo-6.png","name":"black-logo-6","width":131,"height":171,"thumbnail":{"url":"np://user.desktop.nicepage.com/Site_124118791/images/thumbnails/black-logo-6.png","width":131,"height":171,"length":20790,"type":"png"},"originalUrl":"//images01.nicepagecdn.com/a1389d7bc73adea1e1c1fb7e/62605c9f773e5f9cbdda4dbf/black-logo-6.png","usages":["2617100166"]},{"id":"user-image-black-logo-8_150.png","publicUrl":"np://user.desktop.nicepage.com/Site_124118791/images/black-logo-8_150.png","size":20851,"hash":"lpb9c9aXjhyI9Bb7mb48BYysrdE=","fileName":"black-logo-8_150.png","name":"black-logo-8_150","width":133,"height":135,"thumbnail":{"url":"np://user.desktop.nicepage.com/Site_124118791/images/thumbnails/black-logo-8_150.png","width":133,"height":135,"length":20851,"type":"png"},"originalUrl":"//images01.nicepagecdn.com/thumbs/a1389d7bc73adea1e1c1fb7e/7b273cca908c5a97a1457ce5/black-logo-8_150.png","usages":["2617100166"]},{"id":"user-image-lurred-abstract-background-interior-view-looking-out-toward-empty-office-lobby-entrance-doors-glass-curtain-wall-with-frame.jpg","publicUrl":"np://user.desktop.nicepage.com/Site_124118791/images/lurred-abstract-background-interior-view-looking-out-toward-empty-office-lobby-entrance-doors-glass-curtain-wall-with-frame.jpg","size":36930,"hash":"YfN6wbapN/bO4ya8tEEC/VL8zOA=","fileName":"lurred-abstract-background-interior-view-looking-out-toward-empty-office-lobby-entrance-doors-glass-curtain-wall-with-frame.jpg","name":"lurred-abstract-background-interior-view-looking-out-toward-empty-office-lobby-entrance-doors-glass-curtain-wall-with-frame","width":1500,"height":1001,"thumbnail":{"url":"np://user.desktop.nicepage.com/Site_124118791/images/thumbnails/lurred-abstract-background-interior-view-looking-out-toward-empty-office-lobby-entrance-doors-glass-curtain-wall-with-frame.jpg","width":250,"height":167},"originalUrl":"//images01.nicepagecdn.com/a1389d7bc73adea1e1c1fb7e/cc0389f5f30751dbba6c646e/blurred-abstract-background-interior-view-looking-out-toward-empty-office-lobby-entrance-doors-glass-curtain-wall-with-frame.jpg","usages":["2617100166"]},{"id":"user-image-completemybiz.png","publicUrl":"np://user.desktop.nicepage.com/Site_124118791/images/completemybiz.png","size":47354,"hash":"5HBZdo8BiUv8se+gcxiwR8eM7zQ=","fileName":"completemybiz.png","name":"completemybiz","width":639,"height":266,"thumbnail":{"url":"np://user.desktop.nicepage.com/Site_124118791/images/completemybiz.png","width":250,"height":104},"usages":["2617100166"]},{"id":"user-image-4701305.png","publicUrl":"np://user.desktop.nicepage.com/Site_124118791/images/4701305.png","size":4199,"hash":"U/py1imdGk+XxRILoXZYRxlNf0g=","fileName":"4701305.png","name":"4701305","width":128,"height":128,"thumbnail":{"url":"np://user.desktop.nicepage.com/Site_124118791/images/thumbnails/4701305.png","width":128,"height":128,"length":4199,"type":"png"},"usages":["2617100166"]},{"id":"user-image-4982326.png","publicUrl":"np://user.desktop.nicepage.com/Site_124118791/images/4982326.png","size":5330,"hash":"0s6uCpclxL86U0uVBhYeX5IyZ9M=","fileName":"4982326.png","name":"4982326","width":128,"height":128,"thumbnail":{"url":"np://user.desktop.nicepage.com/Site_124118791/images/thumbnails/4982326.png","width":128,"height":128,"length":5330,"type":"png"},"usages":["2617100166"]},{"id":"user-image-2769339.png","publicUrl":"np://user.desktop.nicepage.com/Site_124118791/images/2769339.png","size":2092,"hash":"RGSa7ztQ88+xLq0kkqqcnkedHDQ=","fileName":"2769339.png","name":"2769339","width":128,"height":128,"thumbnail":{"url":"np://user.desktop.nicepage.com/Site_124118791/images/thumbnails/2769339.png","width":128,"height":128,"length":2092,"type":"png"},"usages":["2617100166"]},{"id":"user-image-8bfa5e_aab9e0434645493ab7f839f0aedcb301_mv2.jpeg","publicUrl":"np://user.desktop.nicepage.com/Site_124118791/images/8bfa5e_aab9e0434645493ab7f839f0aedcb301_mv2.jpeg","size":39342,"hash":"1C+1NVYMaXToCin3yFqplEkcXLU=","fileName":"8bfa5e_aab9e0434645493ab7f839f0aedcb301_mv2.jpeg","name":"8bfa5e_aab9e0434645493ab7f839f0aedcb301_mv2","width":734,"height":480,"thumbnail":{"url":"np://user.desktop.nicepage.com/Site_124118791/images/8bfa5e_aab9e0434645493ab7f839f0aedcb301_mv2.jpeg","width":250,"height":163},"usages":["2617100166"]},{"id":"user-image-8bfa5e_89eaff6781054d5d947469d84fcd5bbb_mv2.jpeg","publicUrl":"np://user.desktop.nicepage.com/Site_124118791/images/8bfa5e_89eaff6781054d5d947469d84fcd5bbb_mv2.jpeg","size":96686,"hash":"wAGsg5qUo0xvZ4Wvzz8kHEM86Q8=","fileName":"8bfa5e_89eaff6781054d5d947469d84fcd5bbb_mv2.jpeg","name":"8bfa5e_89eaff6781054d5d947469d84fcd5bbb_mv2","width":734,"height":480,"thumbnail":{"url":"np://user.desktop.nicepage.com/Site_124118791/images/8bfa5e_89eaff6781054d5d947469d84fcd5bbb_mv2.jpeg","width":250,"height":163},"usages":["2617100166"]},{"id":"user-image-Wall-Recycling-SEO-Optimization.jpg","publicUrl":"np://user.desktop.nicepage.com/Site_124118791/images/Wall-Recycling-SEO-Optimization.jpg","size":57332,"hash":"wmQ5PMMEvw/PsqaBW3eQ1UpJV18=","fileName":"Wall-Recycling-SEO-Optimization.jpg","name":"Wall-Recycling-SEO-Optimization","width":1160,"height":774,"thumbnail":{"url":"np://user.desktop.nicepage.com/Site_124118791/images/thumbnails/Wall-Recycling-SEO-Optimization.jpg","width":250,"height":167},"usages":["2617100166"]},{"id":"user-image-8bfa5e_89e0936c9be1496a899c9fef929c694c_mv2.jpeg","publicUrl":"np://user.desktop.nicepage.com/Site_124118791/images/8bfa5e_89e0936c9be1496a899c9fef929c694c_mv2.jpeg","size":64042,"hash":"rESmg/eRJ90AVyxi0Hh9IX58Zdk=","fileName":"8bfa5e_89e0936c9be1496a899c9fef929c694c_mv2.jpeg","name":"8bfa5e_89e0936c9be1496a899c9fef929c694c_mv2","width":1140,"height":855,"thumbnail":{"url":"np://user.desktop.nicepage.com/Site_124118791/images/8bfa5e_89e0936c9be1496a899c9fef929c694c_mv2.jpeg","width":250,"height":188},"usages":["2617100166"]},{"id":"user-image-6415824.png","publicUrl":"np://user.desktop.nicepage.com/Site_124118791/images/6415824.png","size":6079,"hash":"W7CmJ8CkXF5pwXEoRBvfzpXRIA8=","fileName":"6415824.png","name":"6415824","width":128,"height":128,"thumbnail":{"url":"np://user.desktop.nicepage.com/Site_124118791/images/thumbnails/6415824.png","width":128,"height":128,"length":6079,"type":"png"},"usages":["2617100166"]},{"id":"user-image-01FpToD9LfVOVA5AcAEaVl7-3..v1660829921.jpg","publicUrl":"np://user.desktop.nicepage.com/Site_124118791/images/01FpToD9LfVOVA5AcAEaVl7-3..v1660829921.jpg","size":256488,"hash":"DUAJRMp6Ght0mSCNSJT02H7Q4Q4=","fileName":"01FpToD9LfVOVA5AcAEaVl7-3..v1660829921.jpg","name":"01FpToD9LfVOVA5AcAEaVl7-3..v1660829921","width":1280,"height":720,"thumbnail":{"url":"np://user.desktop.nicepage.com/Site_124118791/images/thumbnails/01FpToD9LfVOVA5AcAEaVl7-3..v1660829921.jpg","width":250,"height":141},"usages":["2617100166"]},{"id":"user-image-2235607.png","publicUrl":"np://user.desktop.nicepage.com/Site_124118791/images/2235607.png","size":5277,"hash":"rV+vrAfYBWM4WgVXRiAQXiPk6qk=","fileName":"2235607.png","name":"2235607","width":128,"height":128,"thumbnail":{"url":"np://user.desktop.nicepage.com/Site_124118791/images/thumbnails/2235607.png","width":128,"height":128,"length":5277,"type":"png"},"usages":["2617100166"]},{"id":"user-image-4108841.png","publicUrl":"np://user.desktop.nicepage.com/Site_124118791/images/4108841.png","size":3622,"hash":"VOM7ysma0tLeEp25Uo2n2Nnpu6c=","fileName":"4108841.png","name":"4108841","width":128,"height":128,"thumbnail":{"url":"np://user.desktop.nicepage.com/Site_124118791/images/thumbnails/4108841.png","width":128,"height":128,"length":3622,"type":"png"},"usages":["2617100166"]},{"id":"user-image-9536363.png","publicUrl":"np://user.desktop.nicepage.com/Site_124118791/images/9536363.png","size":1716,"hash":"3G/X/C9bbRmPZ0ji9RqOkVBKWM0=","fileName":"9536363.png","name":"9536363","width":128,"height":128,"thumbnail":{"url":"np://user.desktop.nicepage.com/Site_124118791/images/thumbnails/9536363.png","width":128,"height":128,"length":1716,"type":"png"},"usages":["2617100166"]},{"id":"user-image-Email-marketing_juststock_Getty-Images_BDC.png","publicUrl":"np://user.desktop.nicepage.com/Site_124118791/images/Email-marketing_juststock_Getty-Images_BDC.png","size":2304332,"hash":"aXoCJLTz6lOgxpjmoQdwwmiZ4Vc=","fileName":"Email-marketing_juststock_Getty-Images_BDC.png","name":"Email-marketing_juststock_Getty-Images_BDC","width":1500,"height":1000,"thumbnail":{"url":"np://user.desktop.nicepage.com/Site_124118791/images/thumbnails/Email-marketing_juststock_Getty-Images_BDC.png","width":250,"height":167},"usages":["2617100166"]}]